date,coin_id,coinmetrics_symbol,market_cap_current_usd,market_cap_estimated_usd,circulating_supply,market_cap_type,market_cap_source,selected_column
2024-03-01,cardano,ada,24767764635.798756,,,current,coinmetrics_CapMrktCurUSD,CapMrktCurUSD
2024-03-02,cardano,ada,25766402535.137463,,,current,coinmetrics_CapMrktCurUSD,CapMrktCurUSD
2024-03-03,cardano,ada,25336562210.18684,,,current,coinmetrics_CapMrktCurUSD,CapMrktCurUSD
2024-03-04,cardano,ada,26880175040.82676,,,current,coinmetrics_CapMrktCurUSD,CapMrktCurUSD
2024-03-05,cardano,ada,24078748672.162567,,,current,coinmetrics_CapMrktCurUSD,CapMrktCurUSD
2024-03-06,cardano,ada,25562446235.800343,,,current,coinmetrics_CapMrktCurUSD,CapMrktCurUSD
2024-03-07,cardano,ada,25963924436.30813,,,current,coinmetrics_CapMrktCurUSD,CapMrktCurUSD
2024-03-08,cardano,ada,25234896148.63524,,,current,coinmetrics_CapMrktCurUSD,CapMrktCurUSD
2024-03-09,cardano,ada,25916419343.915447,,,current,coinmetrics_CapMrktCurUSD,CapMrktCurUSD
2024-03-10,cardano,ada,24865968959.73985,,,current,coinmetrics_CapMrktCurUSD,CapMrktCurUSD
2024-03-11,cardano,ada,27090875349.096066,,,current,coinmetrics_CapMrktCurUSD,CapMrktCurUSD
2024-03-12,cardano,ada,26053503456.57616,,,current,coinmetrics_CapMrktCurUSD,CapMrktCurUSD
2024-03-13,cardano,ada,26603328167.077126,,,current,coinmetrics_CapMrktCurUSD,CapMrktCurUSD
2024-03-14,cardano,ada,26196498569.3114,,,current,coinmetrics_CapMrktCurUSD,CapMrktCurUSD
2024-03-15,cardano,ada,25337510821.62185,,,current,coinmetrics_CapMrktCurUSD,CapMrktCurUSD
2024-03-16,cardano,ada,22991964960.942432,,,current,coinmetrics_CapMrktCurUSD,CapMrktCurUSD
2024-03-17,cardano,ada,23672366199.79296,,,current,coinmetrics_CapMrktCurUSD,CapMrktCurUSD
2024-03-18,cardano,ada,23115869183.012356,,,current,coinmetrics_CapMrktCurUSD,CapMrktCurUSD
2024-03-19,cardano,ada,20433841826.78209,,,current,coinmetrics_CapMrktCurUSD,CapMrktCurUSD
2024-03-20,cardano,ada,22320951235.058624,,,current,coinmetrics_CapMrktCurUSD,CapMrktCurUSD
2024-03-21,cardano,ada,22049327776.801796,,,current,coinmetrics_CapMrktCurUSD,CapMrktCurUSD
2024-03-22,cardano,ada,21342582008.219063,,,current,coinmetrics_CapMrktCurUSD,CapMrktCurUSD
2024-03-23,cardano,ada,21866410812.540817,,,current,coinmetrics_CapMrktCurUSD,CapMrktCurUSD
2024-03-24,cardano,ada,22546067084.49451,,,current,coinmetrics_CapMrktCurUSD,CapMrktCurUSD
2024-03-25,cardano,ada,22949121858.33949,,,current,coinmetrics_CapMrktCurUSD,CapMrktCurUSD
2024-03-26,cardano,ada,23225273747.906406,,,current,coinmetrics_CapMrktCurUSD,CapMrktCurUSD
2024-03-27,cardano,ada,22574470041.79401,,,current,coinmetrics_CapMrktCurUSD,CapMrktCurUSD
2024-03-28,cardano,ada,22726487559.84752,,,current,coinmetrics_CapMrktCurUSD,CapMrktCurUSD
2024-03-29,cardano,ada,23193109035.60204,,,current,coinmetrics_CapMrktCurUSD,CapMrktCurUSD
2024-03-30,cardano,ada,22474585671.047626,,,current,coinmetrics_CapMrktCurUSD,CapMrktCurUSD
2024-03-31,cardano,ada,22694435113.448917,,,current,coinmetrics_CapMrktCurUSD,CapMrktCurUSD
2024-04-01,cardano,ada,21724390175.092815,,,current,coinmetrics_CapMrktCurUSD,CapMrktCurUSD
2024-04-02,cardano,ada,20297665837.132404,,,current,coinmetrics_CapMrktCurUSD,CapMrktCurUSD
2024-04-03,cardano,ada,19973323587.61783,,,current,coinmetrics_CapMrktCurUSD,CapMrktCurUSD
2024-04-04,cardano,ada,20306897726.29693,,,current,coinmetrics_CapMrktCurUSD,CapMrktCurUSD
2024-04-05,cardano,ada,20074195575.001736,,,current,coinmetrics_CapMrktCurUSD,CapMrktCurUSD
2024-04-06,cardano,ada,20441060002.56771,,,current,coinmetrics_CapMrktCurUSD,CapMrktCurUSD
2024-04-07,cardano,ada,20543214863.251747,,,current,coinmetrics_CapMrktCurUSD,CapMrktCurUSD
2024-04-08,cardano,ada,21437165909.346577,,,current,coinmetrics_CapMrktCurUSD,CapMrktCurUSD
2024-04-09,cardano,ada,20664915859.163254,,,current,coinmetrics_CapMrktCurUSD,CapMrktCurUSD
2024-04-10,cardano,ada,20454039959.43099,,,current,coinmetrics_CapMrktCurUSD,CapMrktCurUSD
2024-04-11,cardano,ada,20451169789.83357,,,current,coinmetrics_CapMrktCurUSD,CapMrktCurUSD
2024-04-12,cardano,ada,17567591119.697063,,,current,coinmetrics_CapMrktCurUSD,CapMrktCurUSD
2024-04-13,cardano,ada,15655092310.609545,,,current,coinmetrics_CapMrktCurUSD,CapMrktCurUSD
2024-04-14,cardano,ada,16411129674.223866,,,current,coinmetrics_CapMrktCurUSD,CapMrktCurUSD
2024-04-15,cardano,ada,16074094170.932165,,,current,coinmetrics_CapMrktCurUSD,CapMrktCurUSD
2024-04-16,cardano,ada,16048163876.604446,,,current,coinmetrics_CapMrktCurUSD,CapMrktCurUSD
2024-04-17,cardano,ada,15514633609.283552,,,current,coinmetrics_CapMrktCurUSD,CapMrktCurUSD
2024-04-18,cardano,ada,15995011446.400852,,,current,coinmetrics_CapMrktCurUSD,CapMrktCurUSD
2024-04-19,cardano,ada,16359934828.135569,,,current,coinmetrics_CapMrktCurUSD,CapMrktCurUSD
2024-04-20,cardano,ada,17658234808.127907,,,current,coinmetrics_CapMrktCurUSD,CapMrktCurUSD
2024-04-21,cardano,ada,17437659964.766438,,,current,coinmetrics_CapMrktCurUSD,CapMrktCurUSD
2024-04-22,cardano,ada,18077588843.639503,,,current,coinmetrics_CapMrktCurUSD,CapMrktCurUSD
2024-04-23,cardano,ada,17471958215.618053,,,current,coinmetrics_CapMrktCurUSD,CapMrktCurUSD
2024-04-24,cardano,ada,16561310103.424212,,,current,coinmetrics_CapMrktCurUSD,CapMrktCurUSD
2024-04-25,cardano,ada,16439503134.061579,,,current,coinmetrics_CapMrktCurUSD,CapMrktCurUSD
2024-04-26,cardano,ada,16160596921.327232,,,current,coinmetrics_CapMrktCurUSD,CapMrktCurUSD
2024-04-27,cardano,ada,16312670593.111015,,,current,coinmetrics_CapMrktCurUSD,CapMrktCurUSD
2024-04-28,cardano,ada,16070701587.48392,,,current,coinmetrics_CapMrktCurUSD,CapMrktCurUSD
2024-04-29,cardano,ada,15989466975.092676,,,current,coinmetrics_CapMrktCurUSD,CapMrktCurUSD
2024-04-30,cardano,ada,15402218832.929943,,,current,coinmetrics_CapMrktCurUSD,CapMrktCurUSD
2024-05-01,cardano,ada,15689427108.338797,,,current,coinmetrics_CapMrktCurUSD,CapMrktCurUSD
2024-05-02,cardano,ada,16016676668.118685,,,current,coinmetrics_CapMrktCurUSD,CapMrktCurUSD
2024-05-03,cardano,ada,16350453736.026514,,,current,coinmetrics_CapMrktCurUSD,CapMrktCurUSD
2024-05-04,cardano,ada,16187577131.631176,,,current,coinmetrics_CapMrktCurUSD,CapMrktCurUSD
2024-05-05,cardano,ada,16013486475.146868,,,current,coinmetrics_CapMrktCurUSD,CapMrktCurUSD
2024-05-06,cardano,ada,15870520431.251131,,,current,coinmetrics_CapMrktCurUSD,CapMrktCurUSD
2024-05-07,cardano,ada,15455448261.499052,,,current,coinmetrics_CapMrktCurUSD,CapMrktCurUSD
2024-05-08,cardano,ada,15805744865.652613,,,current,coinmetrics_CapMrktCurUSD,CapMrktCurUSD
2024-05-09,cardano,ada,16176233559.426598,,,current,coinmetrics_CapMrktCurUSD,CapMrktCurUSD
2024-05-10,cardano,ada,15669755011.789892,,,current,coinmetrics_CapMrktCurUSD,CapMrktCurUSD
2024-05-11,cardano,ada,15344267750.434511,,,current,coinmetrics_CapMrktCurUSD,CapMrktCurUSD
2024-05-12,cardano,ada,15290397992.386484,,,current,coinmetrics_CapMrktCurUSD,CapMrktCurUSD
2024-05-13,cardano,ada,15255375745.138508,,,current,coinmetrics_CapMrktCurUSD,CapMrktCurUSD
2024-05-14,cardano,ada,14945213384.658264,,,current,coinmetrics_CapMrktCurUSD,CapMrktCurUSD
2024-05-15,cardano,ada,15828524513.106588,,,current,coinmetrics_CapMrktCurUSD,CapMrktCurUSD
2024-05-16,cardano,ada,16075855847.231665,,,current,coinmetrics_CapMrktCurUSD,CapMrktCurUSD
2024-05-17,cardano,ada,16833025860.196667,,,current,coinmetrics_CapMrktCurUSD,CapMrktCurUSD
2024-05-18,cardano,ada,16853533317.359089,,,current,coinmetrics_CapMrktCurUSD,CapMrktCurUSD
2024-05-19,cardano,ada,16346485745.472675,,,current,coinmetrics_CapMrktCurUSD,CapMrktCurUSD
2024-05-20,cardano,ada,17507651914.116184,,,current,coinmetrics_CapMrktCurUSD,CapMrktCurUSD
2024-05-21,cardano,ada,17299174352.995068,,,current,coinmetrics_CapMrktCurUSD,CapMrktCurUSD
2024-05-22,cardano,ada,16890158158.101393,,,current,coinmetrics_CapMrktCurUSD,CapMrktCurUSD
2024-05-23,cardano,ada,16237806125.095228,,,current,coinmetrics_CapMrktCurUSD,CapMrktCurUSD
2024-05-24,cardano,ada,16054385737.46104,,,current,coinmetrics_CapMrktCurUSD,CapMrktCurUSD
2024-05-25,cardano,ada,16157637699.93536,,,current,coinmetrics_CapMrktCurUSD,CapMrktCurUSD
2024-05-26,cardano,ada,16026228761.492098,,,current,coinmetrics_CapMrktCurUSD,CapMrktCurUSD
2024-05-27,cardano,ada,16351432635.786192,,,current,coinmetrics_CapMrktCurUSD,CapMrktCurUSD
2024-05-28,cardano,ada,15982901263.380844,,,current,coinmetrics_CapMrktCurUSD,CapMrktCurUSD
2024-05-29,cardano,ada,15781120639.283405,,,current,coinmetrics_CapMrktCurUSD,CapMrktCurUSD
2024-05-30,cardano,ada,15614740602.770657,,,current,coinmetrics_CapMrktCurUSD,CapMrktCurUSD
2024-05-31,cardano,ada,15635360265.805014,,,current,coinmetrics_CapMrktCurUSD,CapMrktCurUSD
2024-06-01,cardano,ada,15745363009.138836,,,current,coinmetrics_CapMrktCurUSD,CapMrktCurUSD
2024-06-02,cardano,ada,15622624227.018736,,,current,coinmetrics_CapMrktCurUSD,CapMrktCurUSD
2024-06-03,cardano,ada,15991747810.99128,,,current,coinmetrics_CapMrktCurUSD,CapMrktCurUSD
2024-06-04,cardano,ada,16138760533.167532,,,current,coinmetrics_CapMrktCurUSD,CapMrktCurUSD
2024-06-05,cardano,ada,16129516568.266005,,,current,coinmetrics_CapMrktCurUSD,CapMrktCurUSD
2024-06-06,cardano,ada,16025029493.583223,,,current,coinmetrics_CapMrktCurUSD,CapMrktCurUSD
2024-06-07,cardano,ada,15732169495.612091,,,current,coinmetrics_CapMrktCurUSD,CapMrktCurUSD
2024-06-08,cardano,ada,15265094314.49675,,,current,coinmetrics_CapMrktCurUSD,CapMrktCurUSD
2024-06-09,cardano,ada,15535141647.481771,,,current,coinmetrics_CapMrktCurUSD,CapMrktCurUSD
2024-06-10,cardano,ada,15414269646.05769,,,current,coinmetrics_CapMrktCurUSD,CapMrktCurUSD
2024-06-11,cardano,ada,14755403857.649515,,,current,coinmetrics_CapMrktCurUSD,CapMrktCurUSD
2024-06-12,cardano,ada,15322832402.46364,,,current,coinmetrics_CapMrktCurUSD,CapMrktCurUSD
2024-06-13,cardano,ada,14745424222.438372,,,current,coinmetrics_CapMrktCurUSD,CapMrktCurUSD
2024-06-14,cardano,ada,14402295351.370375,,,current,coinmetrics_CapMrktCurUSD,CapMrktCurUSD
2024-06-15,cardano,ada,14485361980.212393,,,current,coinmetrics_CapMrktCurUSD,CapMrktCurUSD
2024-06-16,cardano,ada,14570123973.169306,,,current,coinmetrics_CapMrktCurUSD,CapMrktCurUSD
2024-06-17,cardano,ada,14070816347.97164,,,current,coinmetrics_CapMrktCurUSD,CapMrktCurUSD
2024-06-18,cardano,ada,13424730961.241064,,,current,coinmetrics_CapMrktCurUSD,CapMrktCurUSD
2024-06-19,cardano,ada,13423644078.574947,,,current,coinmetrics_CapMrktCurUSD,CapMrktCurUSD
2024-06-20,cardano,ada,13453912813.410269,,,current,coinmetrics_CapMrktCurUSD,CapMrktCurUSD
2024-06-21,cardano,ada,13174182377.372046,,,current,coinmetrics_CapMrktCurUSD,CapMrktCurUSD
2024-06-22,cardano,ada,13475267480.649416,,,current,coinmetrics_CapMrktCurUSD,CapMrktCurUSD
2024-06-23,cardano,ada,13312072572.918411,,,current,coinmetrics_CapMrktCurUSD,CapMrktCurUSD
2024-06-24,cardano,ada,13212161920.529327,,,current,coinmetrics_CapMrktCurUSD,CapMrktCurUSD
2024-06-25,cardano,ada,13713577896.602814,,,current,coinmetrics_CapMrktCurUSD,CapMrktCurUSD
2024-06-26,cardano,ada,13472301242.586208,,,current,coinmetrics_CapMrktCurUSD,CapMrktCurUSD
2024-06-27,cardano,ada,13677607604.497265,,,current,coinmetrics_CapMrktCurUSD,CapMrktCurUSD
2024-06-28,cardano,ada,13485606698.640734,,,current,coinmetrics_CapMrktCurUSD,CapMrktCurUSD
2024-06-29,cardano,ada,13443323110.126213,,,current,coinmetrics_CapMrktCurUSD,CapMrktCurUSD
2024-06-30,cardano,ada,13745067336.07873,,,current,coinmetrics_CapMrktCurUSD,CapMrktCurUSD
2024-07-01,cardano,ada,14102240137.98853,,,current,coinmetrics_CapMrktCurUSD,CapMrktCurUSD
2024-07-02,cardano,ada,14632240345.922611,,,current,coinmetrics_CapMrktCurUSD,CapMrktCurUSD
2024-07-03,cardano,ada,14232930671.5138,,,current,coinmetrics_CapMrktCurUSD,CapMrktCurUSD
2024-07-04,cardano,ada,12789215929.10184,,,current,coinmetrics_CapMrktCurUSD,CapMrktCurUSD
2024-07-05,cardano,ada,12262489600.108376,,,current,coinmetrics_CapMrktCurUSD,CapMrktCurUSD
2024-07-06,cardano,ada,13003472123.67613,,,current,coinmetrics_CapMrktCurUSD,CapMrktCurUSD
2024-07-07,cardano,ada,12182090740.80087,,,current,coinmetrics_CapMrktCurUSD,CapMrktCurUSD
2024-07-08,cardano,ada,12935908041.759804,,,current,coinmetrics_CapMrktCurUSD,CapMrktCurUSD
2024-07-09,cardano,ada,13188176976.157759,,,current,coinmetrics_CapMrktCurUSD,CapMrktCurUSD
2024-07-10,cardano,ada,13638918676.25348,,,current,coinmetrics_CapMrktCurUSD,CapMrktCurUSD
2024-07-11,cardano,ada,13875163619.18368,,,current,coinmetrics_CapMrktCurUSD,CapMrktCurUSD
2024-07-12,cardano,ada,14550191577.824535,,,current,coinmetrics_CapMrktCurUSD,CapMrktCurUSD
2024-07-13,cardano,ada,15493219656.423374,,,current,coinmetrics_CapMrktCurUSD,CapMrktCurUSD
2024-07-14,cardano,ada,15221486445.882812,,,current,coinmetrics_CapMrktCurUSD,CapMrktCurUSD
2024-07-15,cardano,ada,15604002830.847076,,,current,coinmetrics_CapMrktCurUSD,CapMrktCurUSD
2024-07-16,cardano,ada,15395068338.769375,,,current,coinmetrics_CapMrktCurUSD,CapMrktCurUSD
2024-07-17,cardano,ada,15380470563.34135,,,current,coinmetrics_CapMrktCurUSD,CapMrktCurUSD
2024-07-18,cardano,ada,14921099847.487703,,,current,coinmetrics_CapMrktCurUSD,CapMrktCurUSD
2024-07-19,cardano,ada,15418311378.835888,,,current,coinmetrics_CapMrktCurUSD,CapMrktCurUSD
2024-07-20,cardano,ada,15371790330.360586,,,current,coinmetrics_CapMrktCurUSD,CapMrktCurUSD
2024-07-21,cardano,ada,15698939617.42024,,,current,coinmetrics_CapMrktCurUSD,CapMrktCurUSD
2024-07-22,cardano,ada,15002412232.555391,,,current,coinmetrics_CapMrktCurUSD,CapMrktCurUSD
2024-07-23,cardano,ada,14420606600.779716,,,current,coinmetrics_CapMrktCurUSD,CapMrktCurUSD
2024-07-24,cardano,ada,14284850165.43882,,,current,coinmetrics_CapMrktCurUSD,CapMrktCurUSD
2024-07-25,cardano,ada,13851914446.12064,,,current,coinmetrics_CapMrktCurUSD,CapMrktCurUSD
2024-07-26,cardano,ada,14684225664.03741,,,current,coinmetrics_CapMrktCurUSD,CapMrktCurUSD
2024-07-27,cardano,ada,14714993635.798609,,,current,coinmetrics_CapMrktCurUSD,CapMrktCurUSD
2024-07-28,cardano,ada,14312651810.72592,,,current,coinmetrics_CapMrktCurUSD,CapMrktCurUSD
2024-07-29,cardano,ada,14208953161.508778,,,current,coinmetrics_CapMrktCurUSD,CapMrktCurUSD
2024-07-30,cardano,ada,14113251084.244928,,,current,coinmetrics_CapMrktCurUSD,CapMrktCurUSD
2024-07-31,cardano,ada,13671548988.397545,,,current,coinmetrics_CapMrktCurUSD,CapMrktCurUSD
2024-08-01,cardano,ada,13785566963.956497,,,current,coinmetrics_CapMrktCurUSD,CapMrktCurUSD
2024-08-02,cardano,ada,12796616542.158913,,,current,coinmetrics_CapMrktCurUSD,CapMrktCurUSD
2024-08-03,cardano,ada,12780852864.255632,,,current,coinmetrics_CapMrktCurUSD,CapMrktCurUSD
2024-08-04,cardano,ada,12138523262.311966,,,current,coinmetrics_CapMrktCurUSD,CapMrktCurUSD
2024-08-05,cardano,ada,11062487508.456182,,,current,coinmetrics_CapMrktCurUSD,CapMrktCurUSD
2024-08-06,cardano,ada,11621925294.864424,,,current,coinmetrics_CapMrktCurUSD,CapMrktCurUSD
2024-08-07,cardano,ada,11398166620.966602,,,current,coinmetrics_CapMrktCurUSD,CapMrktCurUSD
2024-08-08,cardano,ada,12377952901.390133,,,current,coinmetrics_CapMrktCurUSD,CapMrktCurUSD
2024-08-09,cardano,ada,12226202622.292656,,,current,coinmetrics_CapMrktCurUSD,CapMrktCurUSD
2024-08-10,cardano,ada,12163869949.691023,,,current,coinmetrics_CapMrktCurUSD,CapMrktCurUSD
2024-08-11,cardano,ada,11555827583.775936,,,current,coinmetrics_CapMrktCurUSD,CapMrktCurUSD
2024-08-12,cardano,ada,11917282614.989544,,,current,coinmetrics_CapMrktCurUSD,CapMrktCurUSD
2024-08-13,cardano,ada,11956164699.488125,,,current,coinmetrics_CapMrktCurUSD,CapMrktCurUSD
2024-08-14,cardano,ada,11802007422.677256,,,current,coinmetrics_CapMrktCurUSD,CapMrktCurUSD
2024-08-15,cardano,ada,11454400369.66946,,,current,coinmetrics_CapMrktCurUSD,CapMrktCurUSD
2024-08-16,cardano,ada,11615222763.212328,,,current,coinmetrics_CapMrktCurUSD,CapMrktCurUSD
2024-08-17,cardano,ada,11842210885.646496,,,current,coinmetrics_CapMrktCurUSD,CapMrktCurUSD
2024-08-18,cardano,ada,11801898670.177996,,,current,coinmetrics_CapMrktCurUSD,CapMrktCurUSD
2024-08-19,cardano,ada,11847342279.396984,,,current,coinmetrics_CapMrktCurUSD,CapMrktCurUSD
2024-08-20,cardano,ada,12105284863.881063,,,current,coinmetrics_CapMrktCurUSD,CapMrktCurUSD
2024-08-21,cardano,ada,12990022904.37052,,,current,coinmetrics_CapMrktCurUSD,CapMrktCurUSD
2024-08-22,cardano,ada,13255365552.41143,,,current,coinmetrics_CapMrktCurUSD,CapMrktCurUSD
2024-08-23,cardano,ada,13763637805.091776,,,current,coinmetrics_CapMrktCurUSD,CapMrktCurUSD
2024-08-24,cardano,ada,13867171641.871511,,,current,coinmetrics_CapMrktCurUSD,CapMrktCurUSD
2024-08-25,cardano,ada,13604787493.974436,,,current,coinmetrics_CapMrktCurUSD,CapMrktCurUSD
2024-08-26,cardano,ada,12949375408.148556,,,current,coinmetrics_CapMrktCurUSD,CapMrktCurUSD
2024-08-27,cardano,ada,12343249267.050615,,,current,coinmetrics_CapMrktCurUSD,CapMrktCurUSD
2024-08-28,cardano,ada,12343728443.96872,,,current,coinmetrics_CapMrktCurUSD,CapMrktCurUSD
2024-08-29,cardano,ada,12529260314.313507,,,current,coinmetrics_CapMrktCurUSD,CapMrktCurUSD
2024-08-30,cardano,ada,12227982562.226316,,,current,coinmetrics_CapMrktCurUSD,CapMrktCurUSD
2024-08-31,cardano,ada,12152248611.955933,,,current,coinmetrics_CapMrktCurUSD,CapMrktCurUSD
2024-09-01,cardano,ada,11675477840.651424,,,current,coinmetrics_CapMrktCurUSD,CapMrktCurUSD
2024-09-02,cardano,ada,11842559840.080252,,,current,coinmetrics_CapMrktCurUSD,CapMrktCurUSD
2024-09-03,cardano,ada,11264322595.398369,,,current,coinmetrics_CapMrktCurUSD,CapMrktCurUSD
2024-09-04,cardano,ada,11407760387.59132,,,current,coinmetrics_CapMrktCurUSD,CapMrktCurUSD
2024-09-05,cardano,ada,11446787214.071608,,,current,coinmetrics_CapMrktCurUSD,CapMrktCurUSD
2024-09-06,cardano,ada,11077216464.866756,,,current,coinmetrics_CapMrktCurUSD,CapMrktCurUSD
2024-09-07,cardano,ada,11431583936.917015,,,current,coinmetrics_CapMrktCurUSD,CapMrktCurUSD
2024-09-08,cardano,ada,11927206790.762554,,,current,coinmetrics_CapMrktCurUSD,CapMrktCurUSD
2024-09-09,cardano,ada,12115795101.613993,,,current,coinmetrics_CapMrktCurUSD,CapMrktCurUSD
2024-09-10,cardano,ada,12111045916.258371,,,current,coinmetrics_CapMrktCurUSD,CapMrktCurUSD
2024-09-11,cardano,ada,12437942702.361399,,,current,coinmetrics_CapMrktCurUSD,CapMrktCurUSD
2024-09-12,cardano,ada,12557494185.899416,,,current,coinmetrics_CapMrktCurUSD,CapMrktCurUSD
2024-09-13,cardano,ada,12712372349.42586,,,current,coinmetrics_CapMrktCurUSD,CapMrktCurUSD
2024-09-14,cardano,ada,12492797341.36414,,,current,coinmetrics_CapMrktCurUSD,CapMrktCurUSD
2024-09-15,cardano,ada,11921947312.571936,,,current,coinmetrics_CapMrktCurUSD,CapMrktCurUSD
2024-09-16,cardano,ada,11628931936.404186,,,current,coinmetrics_CapMrktCurUSD,CapMrktCurUSD
2024-09-17,cardano,ada,11765868920.297724,,,current,coinmetrics_CapMrktCurUSD,CapMrktCurUSD
2024-09-18,cardano,ada,12041879675.482965,,,current,coinmetrics_CapMrktCurUSD,CapMrktCurUSD
2024-09-19,cardano,ada,12375705709.03013,,,current,coinmetrics_CapMrktCurUSD,CapMrktCurUSD
2024-09-20,cardano,ada,12413949876.535582,,,current,coinmetrics_CapMrktCurUSD,CapMrktCurUSD
2024-09-21,cardano,ada,12637104433.175444,,,current,coinmetrics_CapMrktCurUSD,CapMrktCurUSD
2024-09-22,cardano,ada,12394792097.67653,,,current,coinmetrics_CapMrktCurUSD,CapMrktCurUSD
2024-09-23,cardano,ada,12822102624.456867,,,current,coinmetrics_CapMrktCurUSD,CapMrktCurUSD
2024-09-24,cardano,ada,13654779549.058372,,,current,coinmetrics_CapMrktCurUSD,CapMrktCurUSD
2024-09-25,cardano,ada,13405488080.266771,,,current,coinmetrics_CapMrktCurUSD,CapMrktCurUSD
2024-09-26,cardano,ada,14137962580.123634,,,current,coinmetrics_CapMrktCurUSD,CapMrktCurUSD
2024-09-27,cardano,ada,14181612061.835938,,,current,coinmetrics_CapMrktCurUSD,CapMrktCurUSD
2024-09-28,cardano,ada,14095956357.55204,,,current,coinmetrics_CapMrktCurUSD,CapMrktCurUSD
2024-09-29,cardano,ada,14008981644.538355,,,current,coinmetrics_CapMrktCurUSD,CapMrktCurUSD
2024-09-30,cardano,ada,13177059617.063383,,,current,coinmetrics_CapMrktCurUSD,CapMrktCurUSD
2024-10-01,cardano,ada,12416587922.878193,,,current,coinmetrics_CapMrktCurUSD,CapMrktCurUSD
2024-10-02,cardano,ada,12132402036.590855,,,current,coinmetrics_CapMrktCurUSD,CapMrktCurUSD
2024-10-03,cardano,ada,12177348752.002989,,,current,coinmetrics_CapMrktCurUSD,CapMrktCurUSD
2024-10-04,cardano,ada,12392851636.295359,,,current,coinmetrics_CapMrktCurUSD,CapMrktCurUSD
2024-10-05,cardano,ada,12359201112.494112,,,current,coinmetrics_CapMrktCurUSD,CapMrktCurUSD
2024-10-06,cardano,ada,12611415639.363544,,,current,coinmetrics_CapMrktCurUSD,CapMrktCurUSD
2024-10-07,cardano,ada,12432148065.574677,,,current,coinmetrics_CapMrktCurUSD,CapMrktCurUSD
2024-10-08,cardano,ada,12139423672.324156,,,current,coinmetrics_CapMrktCurUSD,CapMrktCurUSD
2024-10-09,cardano,ada,11981842160.435255,,,current,coinmetrics_CapMrktCurUSD,CapMrktCurUSD
2024-10-10,cardano,ada,11950318033.9473,,,current,coinmetrics_CapMrktCurUSD,CapMrktCurUSD
2024-10-11,cardano,ada,12395535946.832975,,,current,coinmetrics_CapMrktCurUSD,CapMrktCurUSD
2024-10-12,cardano,ada,12466938350.992275,,,current,coinmetrics_CapMrktCurUSD,CapMrktCurUSD
2024-10-13,cardano,ada,12264115252.404526,,,current,coinmetrics_CapMrktCurUSD,CapMrktCurUSD
2024-10-14,cardano,ada,12836463351.540684,,,current,coinmetrics_CapMrktCurUSD,CapMrktCurUSD
2024-10-15,cardano,ada,12624759243.972017,,,current,coinmetrics_CapMrktCurUSD,CapMrktCurUSD
2024-10-16,cardano,ada,12462655722.116148,,,current,coinmetrics_CapMrktCurUSD,CapMrktCurUSD
2024-10-17,cardano,ada,12110695024.76866,,,current,coinmetrics_CapMrktCurUSD,CapMrktCurUSD
2024-10-18,cardano,ada,12370293080.352571,,,current,coinmetrics_CapMrktCurUSD,CapMrktCurUSD
2024-10-19,cardano,ada,12414244837.038591,,,current,coinmetrics_CapMrktCurUSD,CapMrktCurUSD
2024-10-20,cardano,ada,12871035762.423712,,,current,coinmetrics_CapMrktCurUSD,CapMrktCurUSD
2024-10-21,cardano,ada,12750106699.265331,,,current,coinmetrics_CapMrktCurUSD,CapMrktCurUSD
2024-10-22,cardano,ada,12856828117.136547,,,current,coinmetrics_CapMrktCurUSD,CapMrktCurUSD
2024-10-23,cardano,ada,12345501695.555351,,,current,coinmetrics_CapMrktCurUSD,CapMrktCurUSD
2024-10-24,cardano,ada,12219325003.81513,,,current,coinmetrics_CapMrktCurUSD,CapMrktCurUSD
2024-10-25,cardano,ada,11428288225.101175,,,current,coinmetrics_CapMrktCurUSD,CapMrktCurUSD
2024-10-26,cardano,ada,11764841190.229073,,,current,coinmetrics_CapMrktCurUSD,CapMrktCurUSD
2024-10-27,cardano,ada,11999748947.422499,,,current,coinmetrics_CapMrktCurUSD,CapMrktCurUSD
2024-10-28,cardano,ada,12140833129.74006,,,current,coinmetrics_CapMrktCurUSD,CapMrktCurUSD
2024-10-29,cardano,ada,12558037064.980427,,,current,coinmetrics_CapMrktCurUSD,CapMrktCurUSD
2024-10-30,cardano,ada,12554848943.96511,,,current,coinmetrics_CapMrktCurUSD,CapMrktCurUSD
2024-10-31,cardano,ada,12079603784.079227,,,current,coinmetrics_CapMrktCurUSD,CapMrktCurUSD
2024-11-01,cardano,ada,12600301170.619207,,,current,coinmetrics_CapMrktCurUSD,CapMrktCurUSD
2024-11-02,cardano,ada,12251986984.417095,,,current,coinmetrics_CapMrktCurUSD,CapMrktCurUSD
2024-11-03,cardano,ada,11798586631.780369,,,current,coinmetrics_CapMrktCurUSD,CapMrktCurUSD
2024-11-04,cardano,ada,11509009608.248447,,,current,coinmetrics_CapMrktCurUSD,CapMrktCurUSD
2024-11-05,cardano,ada,11802927143.164268,,,current,coinmetrics_CapMrktCurUSD,CapMrktCurUSD
2024-11-06,cardano,ada,12829533495.441381,,,current,coinmetrics_CapMrktCurUSD,CapMrktCurUSD
2024-11-07,cardano,ada,14178332859.476748,,,current,coinmetrics_CapMrktCurUSD,CapMrktCurUSD
2024-11-08,cardano,ada,15697877896.480465,,,current,coinmetrics_CapMrktCurUSD,CapMrktCurUSD
2024-11-09,cardano,ada,17183977117.908756,,,current,coinmetrics_CapMrktCurUSD,CapMrktCurUSD
2024-11-10,cardano,ada,20814859065.754646,,,current,coinmetrics_CapMrktCurUSD,CapMrktCurUSD
2024-11-11,cardano,ada,21642667046.052204,,,current,coinmetrics_CapMrktCurUSD,CapMrktCurUSD
2024-11-12,cardano,ada,20349267067.762207,,,current,coinmetrics_CapMrktCurUSD,CapMrktCurUSD
2024-11-13,cardano,ada,20471485523.686623,,,current,coinmetrics_CapMrktCurUSD,CapMrktCurUSD
2024-11-14,cardano,ada,20411261645.53085,,,current,coinmetrics_CapMrktCurUSD,CapMrktCurUSD
2024-11-15,cardano,ada,24667490725.711044,,,current,coinmetrics_CapMrktCurUSD,CapMrktCurUSD
2024-11-16,cardano,ada,26145379277.80932,,,current,coinmetrics_CapMrktCurUSD,CapMrktCurUSD
2024-11-17,cardano,ada,24840395372.538025,,,current,coinmetrics_CapMrktCurUSD,CapMrktCurUSD
2024-11-18,cardano,ada,26026942138.188324,,,current,coinmetrics_CapMrktCurUSD,CapMrktCurUSD
2024-11-19,cardano,ada,26113156470.13269,,,current,coinmetrics_CapMrktCurUSD,CapMrktCurUSD
2024-11-20,cardano,ada,28433588414.556896,,,current,coinmetrics_CapMrktCurUSD,CapMrktCurUSD
2024-11-21,cardano,ada,28941866362.219482,,,current,coinmetrics_CapMrktCurUSD,CapMrktCurUSD
2024-11-22,cardano,ada,35625595170.129555,,,current,coinmetrics_CapMrktCurUSD,CapMrktCurUSD
2024-11-23,cardano,ada,37825017390.2325,,,current,coinmetrics_CapMrktCurUSD,CapMrktCurUSD
2024-11-24,cardano,ada,36317494991.20348,,,current,coinmetrics_CapMrktCurUSD,CapMrktCurUSD
2024-11-25,cardano,ada,33605292245.371727,,,current,coinmetrics_CapMrktCurUSD,CapMrktCurUSD
2024-11-26,cardano,ada,33922528652.18705,,,current,coinmetrics_CapMrktCurUSD,CapMrktCurUSD
2024-11-27,cardano,ada,35831677918.49078,,,current,coinmetrics_CapMrktCurUSD,CapMrktCurUSD
2024-11-28,cardano,ada,36575044826.8857,,,current,coinmetrics_CapMrktCurUSD,CapMrktCurUSD
2024-11-29,cardano,ada,37934358994.190155,,,current,coinmetrics_CapMrktCurUSD,CapMrktCurUSD
2024-11-30,cardano,ada,38209964446.44457,,,current,coinmetrics_CapMrktCurUSD,CapMrktCurUSD
2024-12-01,cardano,ada,40679104473.50001,,,current,coinmetrics_CapMrktCurUSD,CapMrktCurUSD
2024-12-02,cardano,ada,42483964331.871475,,,current,coinmetrics_CapMrktCurUSD,CapMrktCurUSD
2024-12-03,cardano,ada,42487529397.45739,,,current,coinmetrics_CapMrktCurUSD,CapMrktCurUSD
2024-12-04,cardano,ada,41875726694.82458,,,current,coinmetrics_CapMrktCurUSD,CapMrktCurUSD
2024-12-05,cardano,ada,41262062666.42254,,,current,coinmetrics_CapMrktCurUSD,CapMrktCurUSD
2024-12-06,cardano,ada,43609780610.68927,,,current,coinmetrics_CapMrktCurUSD,CapMrktCurUSD
2024-12-07,cardano,ada,42979569642.26763,,,current,coinmetrics_CapMrktCurUSD,CapMrktCurUSD
2024-12-08,cardano,ada,42263897847.6552,,,current,coinmetrics_CapMrktCurUSD,CapMrktCurUSD
2024-12-09,cardano,ada,35658383045.59422,,,current,coinmetrics_CapMrktCurUSD,CapMrktCurUSD
2024-12-10,cardano,ada,36168046562.743515,,,current,coinmetrics_CapMrktCurUSD,CapMrktCurUSD
2024-12-11,cardano,ada,38641545795.78147,,,current,coinmetrics_CapMrktCurUSD,CapMrktCurUSD
2024-12-12,cardano,ada,39777380968.82456,,,current,coinmetrics_CapMrktCurUSD,CapMrktCurUSD
2024-12-13,cardano,ada,39559751897.066154,,,current,coinmetrics_CapMrktCurUSD,CapMrktCurUSD
2024-12-14,cardano,ada,37573273377.02954,,,current,coinmetrics_CapMrktCurUSD,CapMrktCurUSD
2024-12-15,cardano,ada,39027168610.32615,,,current,coinmetrics_CapMrktCurUSD,CapMrktCurUSD
2024-12-16,cardano,ada,38274038748.41048,,,current,coinmetrics_CapMrktCurUSD,CapMrktCurUSD
2024-12-17,cardano,ada,37254339204.55409,,,current,coinmetrics_CapMrktCurUSD,CapMrktCurUSD
2024-12-18,cardano,ada,34433208183.63623,,,current,coinmetrics_CapMrktCurUSD,CapMrktCurUSD
2024-12-19,cardano,ada,31415096346.583427,,,current,coinmetrics_CapMrktCurUSD,CapMrktCurUSD
2024-12-20,cardano,ada,33685988709.471252,,,current,coinmetrics_CapMrktCurUSD,CapMrktCurUSD
2024-12-21,cardano,ada,31990854779.6622,,,current,coinmetrics_CapMrktCurUSD,CapMrktCurUSD
2024-12-22,cardano,ada,31314461629.158146,,,current,coinmetrics_CapMrktCurUSD,CapMrktCurUSD
2024-12-23,cardano,ada,32789488596.484665,,,current,coinmetrics_CapMrktCurUSD,CapMrktCurUSD
2024-12-24,cardano,ada,33192145661.63843,,,current,coinmetrics_CapMrktCurUSD,CapMrktCurUSD
2024-12-25,cardano,ada,32474920859.65299,,,current,coinmetrics_CapMrktCurUSD,CapMrktCurUSD
2024-12-26,cardano,ada,30427557981.090504,,,current,coinmetrics_CapMrktCurUSD,CapMrktCurUSD
2024-12-27,cardano,ada,30949665480.992157,,,current,coinmetrics_CapMrktCurUSD,CapMrktCurUSD
2024-12-28,cardano,ada,31479554009.730927,,,current,coinmetrics_CapMrktCurUSD,CapMrktCurUSD
2024-12-29,cardano,ada,30367540792.68793,,,current,coinmetrics_CapMrktCurUSD,CapMrktCurUSD
2024-12-30,cardano,ada,30417366741.526463,,,current,coinmetrics_CapMrktCurUSD,CapMrktCurUSD
2024-12-31,cardano,ada,29893682751.419758,,,current,coinmetrics_CapMrktCurUSD,CapMrktCurUSD
